City,AQI,PM2.5/1h,PM10/h,CO/1h,NO2/1h,O3/1h,O3/8h,SO2/1h
金昌,434,42,533,0.37,5,78,52,2
焦作,402,351,439,3.98,117,30,23,33
和田地区,382,78,484,1.9,25,63,45,11
漯河,360,309,382,2.38,80,50,42,19
亳州,339,288,330,2.15,67,31,27,23
阜阳,308,257,284,2.0,66,10,16,14
开封,302,251,311,3.35,84,55,29,52
菏泽,282,231,341,3.23,84,47,29,37
济宁,274,223,291,2.57,113,21,18,52
汉中,268,217,326,2.88,68,73,30,13
